{"cameraMode":{"drawMode":0,"name":"Shaded","section":"Shading Mode"},"sceneLighting":true,"audioPlay":false,"sceneViewState":{"showFog":true,"showMaterialUpdate":false,"showSkybox":true,"showFlares":true,"showImageEffects":true,"showParticleSystems":true},"in2DMode":false,"pivot":{"x":810.3314208984375,"y":499.6966857910156,"z":-10.359344482421875},"rotation":{"x":0.0873669907450676,"y":0.05257561802864075,"z":-0.00460086390376091,"w":0.9947916269302368},"size":775.5671997070313,"orthographic":false}